{"total_exact_match": 15, "total_score": 78.7154761904762, "total_normalized_score": 78.7154761904762}