{"total_exact_match": 13, "total_score": 77.61309523809524, "total_normalized_score": 77.61309523809524}