{"total_exact_match": 49, "total_score": 86.00000000000001, "total_normalized_score": 86.00000000000001}