{"total_exact_match": 17, "total_score": 88.13333333333333, "total_normalized_score": 88.13333333333333}