{"total_exact_match": 5, "total_score": 74.05000000000001, "total_normalized_score": 74.05000000000001}