{"total_exact_match": 2, "total_score": 71.63333333333334, "total_normalized_score": 71.63333333333334}