{"total_exact_match": 45, "total_score": 84.26666666666667, "total_normalized_score": 84.26666666666667}