{"total_exact_match": 42, "total_score": 89.19444444444444, "total_normalized_score": 89.19444444444444}