{"total_exact_match": 44, "total_score": 89.99444444444444, "total_normalized_score": 89.99444444444444}