{"total_exact_match": 46, "total_score": 93.46666666666665, "total_normalized_score": 93.46666666666665}