{"total_exact_match": 30, "total_score": 88.88333333333334, "total_normalized_score": 88.88333333333334}