{"total_exact_match": 63, "total_score": 90.26666666666667, "total_normalized_score": 90.26666666666667}