{"total_exact_match": 3, "total_score": 64.87142857142858, "total_normalized_score": 65.31587301587302}