{"total_exact_match": 3, "total_score": 66.0265873015873, "total_normalized_score": 66.0265873015873}