{"total_exact_match": 36, "total_score": 80.50000000000001, "total_normalized_score": 80.50000000000001}