{"total_exact_match": 11, "total_score": 73.06666666666666, "total_normalized_score": 73.06666666666666}