{"total_exact_match": 4, "total_score": 67.73333333333333, "total_normalized_score": 67.73333333333333}