{"total_exact_match": 34, "total_score": 90.66666666666667, "total_normalized_score": 90.66666666666667}