{"total_exact_match": 5, "total_score": 60.983333333333334, "total_normalized_score": 61.333333333333336}