{"total_exact_match": 23, "total_score": 68.06666666666666, "total_normalized_score": 68.06666666666666}