{"total_exact_match": 7, "total_score": 73.4297619047619, "total_normalized_score": 73.87420634920635}