{"total_exact_match": 13, "total_score": 80.33769841269842, "total_normalized_score": 80.33769841269842}