{"total_exact_match": 46, "total_score": 90.10000000000001, "total_normalized_score": 90.10000000000001}