{"total_exact_match": 28, "total_score": 91.01666666666667, "total_normalized_score": 91.01666666666667}