{"total_exact_match": 5, "total_score": 74.76666666666667, "total_normalized_score": 74.76666666666667}