{"total_exact_match": 44, "total_score": 83.06666666666668, "total_normalized_score": 83.06666666666668}