{"total_exact_match": 10, "total_score": 74.10277777777777, "total_normalized_score": 74.40277777777777}