{"total_exact_match": 2, "total_score": 57.333333333333336, "total_normalized_score": 57.63333333333333}