{"total_exact_match": 3, "total_score": 80.18333333333334, "total_normalized_score": 80.18333333333334}