{"total_exact_match": 0, "total_score": 27.769444444444446, "total_normalized_score": 27.894444444444446}