{"total_exact_match": 3, "total_score": 49.090873015873015, "total_normalized_score": 52.29087301587302}