{"total_exact_match": 2, "total_score": 58.657539682539685, "total_normalized_score": 58.85753968253968}