{"total_exact_match": 34, "total_score": 80.60000000000001, "total_normalized_score": 80.60000000000001}