{"total_exact_match": 5, "total_score": 62.28333333333333, "total_normalized_score": 64.33333333333333}