{"total_exact_match": 17, "total_score": 76.88333333333334, "total_normalized_score": 76.88333333333334}