{"total_exact_match": 2, "total_score": 51.13333333333333, "total_normalized_score": 51.13333333333333}