{"total_exact_match": 14, "total_score": 75.96666666666667, "total_normalized_score": 75.96666666666667}