{"total_exact_match": 8, "total_score": 12.22936507936508, "total_normalized_score": 44.207142857142856}