{"total_exact_match": 26, "total_score": 60.300000000000004, "total_normalized_score": 60.300000000000004}