{"total_exact_match": 27, "total_score": 60.400000000000006, "total_normalized_score": 60.400000000000006}