{"total_exact_match": 29, "total_score": 89.73333333333333, "total_normalized_score": 89.73333333333333}