{"total_exact_match": 12, "total_score": 77.83333333333333, "total_normalized_score": 77.83333333333333}