{"total_exact_match": 3, "total_score": 58.016666666666666, "total_normalized_score": 58.016666666666666}