{"total_exact_match": 3, "total_score": 69.08333333333333, "total_normalized_score": 69.73333333333333}