{"total_exact_match": 0, "total_score": 27.357936507936508, "total_normalized_score": 27.357936507936508}