{"total_exact_match": 0, "total_score": 1.6999999999999993, "total_normalized_score": 2.9999999999999996}