{"total_exact_match": 1, "total_score": 41.56666666666667, "total_normalized_score": 41.56666666666667}