{"total_exact_match": 0, "total_score": 4.966666666666667, "total_normalized_score": 5.166666666666667}