{"total_exact_match": 0, "total_score": -65.34960317460317, "total_normalized_score": 17.028174603174605}