{"total_exact_match": 1, "total_score": 20.715476190476192, "total_normalized_score": 49.51547619047619}