{"total_exact_match": 3, "total_score": -2.000000000000001, "total_normalized_score": 11.799999999999999}