{"total_exact_match": 1, "total_score": 53.53333333333333, "total_normalized_score": 54.81666666666667}