{"total_exact_match": 24, "total_score": 83.13333333333334, "total_normalized_score": 83.13333333333334}