{"total_exact_match": 1, "total_score": 44.18333333333334, "total_normalized_score": 44.68333333333334}