{"total_exact_match": 22, "total_score": 83.51388888888889, "total_normalized_score": 83.51388888888889}