{"total_exact_match": 18, "total_score": 80.08333333333333, "total_normalized_score": 80.08333333333333}