{"total_exact_match": 39, "total_score": 79.60000000000001, "total_normalized_score": 79.60000000000001}