{"total_exact_match": 6, "total_score": 66.91666666666667, "total_normalized_score": 66.91666666666667}