{"total_exact_match": 16, "total_score": 78.11666666666667, "total_normalized_score": 78.11666666666667}