{"total_exact_match": 15, "total_score": 77.11666666666667, "total_normalized_score": 77.11666666666667}