{"total_exact_match": 0, "total_score": 3.2555555555555555, "total_normalized_score": 3.6666666666666665}