{"total_exact_match": 6, "total_score": 74.88333333333334, "total_normalized_score": 74.88333333333334}