{"total_exact_match": 4, "total_score": 63.26547619047619, "total_normalized_score": 63.26547619047619}