{"total_exact_match": 0, "total_score": 17.353571428571428, "total_normalized_score": 17.353571428571428}