{"total_exact_match": 18, "total_score": 87.88333333333334, "total_normalized_score": 87.88333333333334}