{"total_exact_match": 6, "total_score": 62.483333333333334, "total_normalized_score": 62.483333333333334}