{"total_exact_match": 21, "total_score": 67.06666666666666, "total_normalized_score": 67.06666666666666}