{"total_exact_match": 0, "total_score": 63.387499999999996, "total_normalized_score": 63.387499999999996}