{"total_exact_match": 0, "total_score": 6.478571428571428, "total_normalized_score": 21.945238095238096}