{"total_exact_match": 0, "total_score": -235.8607142857143, "total_normalized_score": 0.11111111111111116}