{"total_exact_match": 3, "total_score": -25.76666666666667, "total_normalized_score": 20.849999999999998}