{"total_exact_match": 7, "total_score": 59.96944444444445, "total_normalized_score": 70.49166666666667}