{"total_exact_match": 11, "total_score": 78.7015873015873, "total_normalized_score": 79.3015873015873}