{"total_exact_match": 60, "total_score": 91.50000000000001, "total_normalized_score": 91.50000000000001}