{"total_exact_match": 29, "total_score": 89.56666666666666, "total_normalized_score": 89.56666666666666}