{"total_exact_match": 4, "total_score": 65.23333333333333, "total_normalized_score": 65.23333333333333}