{"total_exact_match": 0, "total_score": -111.69920634920635, "total_normalized_score": 0.6555555555555557}