{"total_exact_match": 0, "total_score": -178.25555555555556, "total_normalized_score": 0.43333333333333335}