{"total_exact_match": 0, "total_score": -34.483333333333334, "total_normalized_score": 3.333333333333333}