{"total_exact_match": 9, "total_score": 64.13333333333334, "total_normalized_score": 64.13333333333334}