{"total_exact_match": 33, "total_score": 86.66666666666666, "total_normalized_score": 86.66666666666666}