{"total_exact_match": 32, "total_score": 85.66666666666667, "total_normalized_score": 85.66666666666667}