{"total_exact_match": 28, "total_score": 84.95833333333333, "total_normalized_score": 84.95833333333333}