{"total_exact_match": 28, "total_score": 85.03333333333333, "total_normalized_score": 85.03333333333333}