{"total_exact_match": 49, "total_score": 87.10000000000001, "total_normalized_score": 87.10000000000001}