{"total_exact_match": 50, "total_score": 84.60000000000001, "total_normalized_score": 84.60000000000001}