{"total_exact_match": 0, "total_score": 57.53333333333333, "total_normalized_score": 57.56666666666667}