{"total_exact_match": 0, "total_score": 37.337500000000006, "total_normalized_score": 37.337500000000006}