{"total_exact_match": 0, "total_score": 37.487500000000004, "total_normalized_score": 37.487500000000004}